Acid Arrow,"sorcerer/wizard , magus , bloodrager"
Acid Fog,"sorcerer/wizard , magus"
Acid Splash,"sorcerer/wizard , summoner , inquisitor , magus"
Alter Self,"bard , sorcerer/wizard , witch , summoner , alchemist , magus , shaman"
Alarm,"bard , ranger , sorcerer/wizard , summoner , inquisitor"
Analyze Dweomer,"bard , sorcerer/wizard , witch , alchemist"
Animate Dead,"cleric/oracle , sorcerer/wizard , antipaladin , shaman"
Animate Objects,"bard , cleric/oracle , witch"
Animate Plants,"druid , shaman"
Animate Rope,"bard , sorcerer/wizard"
Antimagic Field,"cleric/oracle , sorcerer/wizard"
Arcane Eye,"sorcerer/wizard , witch , alchemist"
Arcane Lock,sorcerer/wizard
Arcane Mark,"sorcerer/wizard , summoner , magus , shaman"
Arcane Sight,"sorcerer/wizard , witch , inquisitor , alchemist , magus"
"Arcane Sight, Greater","sorcerer/wizard , witch"
Augury,"cleric/oracle , witch , shaman"
Beast Shape I,"sorcerer/wizard , alchemist , magus , bloodrager"
Beast Shape II,"sorcerer/wizard , alchemist , magus , bloodrager"
Beast Shape III,"sorcerer/wizard , alchemist , magus"
Beast Shape IV,"sorcerer/wizard , alchemist , magus"
Black Tentacles,"sorcerer/wizard , witch , summoner , magus , bloodrager"
Bless Weapon,paladin
Blight,"druid , sorcerer/wizard , witch , shaman"
Blink,"bard , sorcerer/wizard , magus"
Break Enchantment,"bard , cleric/oracle , paladin , sorcerer/wizard , witch , inquisitor , shaman"
Changestaff,druid
Clairaudience/Clairvoyance,"bard , sorcerer/wizard , witch , shaman"
Clone,"sorcerer/wizard , witch"
Cloudkill,"sorcerer/wizard , witch , magus"
Commune,"cleric/oracle , inquisitor , shaman"
Commune with Nature,"druid , ranger , shaman"
Comprehend Languages,"bard , cleric/oracle , sorcerer/wizard , witch , inquisitor , alchemist , shaman"
Consecrate,"cleric/oracle , inquisitor"
Contact Other Plane,"sorcerer/wizard , witch , summoner , alchemist"
Contingency,sorcerer/wizard
Continual Flame,"cleric/oracle , sorcerer/wizard , inquisitor"
Control Plants,druid
Control Water,"cleric/oracle , druid , sorcerer/wizard , shaman"
Control Weather,"cleric/oracle , druid , sorcerer/wizard , witch , shaman"
Control Winds,"druid , shaman"
Create Food and Water,"cleric/oracle , shaman"
Create Undead,"cleric/oracle , sorcerer/wizard , shaman"
Create Greater Undead,"cleric/oracle , sorcerer/wizard , shaman"
Create Water,"cleric/oracle , druid , paladin , inquisitor , shaman"
Creeping Doom,"druid , summoner , shaman"
Dancing Lights,"bard , sorcerer/wizard , witch , magus , shaman"
Darkness,"bard , cleric/oracle , sorcerer/wizard , inquisitor , antipaladin , magus , shaman"
Daylight,"bard , cleric/oracle , druid , paladin , sorcerer/wizard , inquisitor , magus , shaman"
Deathwatch,cleric/oracle
Deeper Darkness,"cleric/oracle , shaman"
Detect Animals or Plants,"druid , ranger , shaman"
Detect Chaos,"cleric/oracle , inquisitor , shaman"
Detect Evil,"cleric/oracle , inquisitor , shaman"
Detect Good,"cleric/oracle , inquisitor , shaman"
Detect Law,"cleric/oracle , inquisitor , shaman"
Detect Magic,"bard , cleric/oracle , druid , sorcerer/wizard , summoner , witch , inquisitor , magus , shaman"
Detect Poison,"cleric/oracle , druid , paladin , ranger , sorcerer/wizard , shaman"
Detect Scrying,"bard , sorcerer/wizard , witch , inquisitor , shaman"
Detect Secret Doors,"alchemist , bard , sorcerer/wizard , witch"
Detect Snares and Pits,"druid , ranger"
Detect Thoughts,"bard , sorcerer/wizard , alchemist , summoner , witch , inquisitor"
Detect Undead,"cleric/oracle , paladin , sorcerer/wizard , alchemist , inquisitor , alchemist , inquisitor , shaman"
Diminish Plants,"druid , ranger"
Discern Lies,"cleric/oracle , paladin , alchemist , witch , inquisitor , alchemist , witch , inquisitor"
Discern Location,"cleric/oracle , sorcerer/wizard , summoner , witch , shaman"
Disguise Self,"bard , sorcerer/wizard , alchemist , inquisitor , antipaladin"
Dispel Chaos,"cleric/oracle , paladin , inquisitor , shaman"
Dispel Evil,"cleric/oracle , paladin , inquisitor , shaman"
Dispel Good,"cleric/oracle , inquisitor , antipaladin , shaman"
Dispel Law,"cleric/oracle , inquisitor , antipaladin , shaman"
Dispel Magic,"bard , cleric/oracle , druid , paladin , sorcerer/wizard , summoner , witch , inquisitor , antipaladin , magus"
"Dispel Magic, Greater","bard , cleric/oracle , druid , sorcerer/wizard , witch , inquisitor , summoner , magus , shaman"
Divination,"cleric/oracle , witch , inquisitor , shaman"
Divine Favor,"cleric/oracle , paladin , inquisitor"
Divine Power,"cleric/oracle , inquisitor , shaman"
Earthquake,"cleric/oracle , druid , shaman"
Elemental Body I,"sorcerer/wizard , alchemist , magus , bloodrager"
Elemental Body II,"sorcerer/wizard , alchemist , magus"
Elemental Body III,"sorcerer/wizard , alchemist , magus"
Elemental Body IV,sorcerer/wizard
Elemental Swarm,"druid , witch , shaman"
Entangle,"druid , ranger , shaman"
Entropic Shield,cleric/oracle
Erase,"bard , sorcerer/wizard"
Ethereal Jaunt,"cleric/oracle , sorcerer/wizard"
Expeditious Retreat,"bard , sorcerer/wizard , alchemist , summoner , inquisitor , magus , bloodrager"
Fabricate,sorcerer/wizard
False Life,"sorcerer/wizard , alchemist , witch , bloodrager , shaman"
False Vision,"bard , sorcerer/wizard"
Find Traps,"cleric/oracle , witch , inquisitor"
Fire Shield,"sorcerer/wizard , alchemist , summoner , magus , bloodrager"
Fire Seeds,"druid , shaman"
Flame Arrow,"sorcerer/wizard , magus , bloodrager"
Floating Disk,"sorcerer/wizard , magus"
Fog Cloud,"druid , magus , sorcerer/wizard , witch , shaman"
Forcecage,sorcerer/wizard
Form of the Dragon I,"sorcerer/wizard , alchemist , magus"
Form of the Dragon II,sorcerer/wizard
Form of the Dragon III,sorcerer/wizard
Gaseous Form,"bard , sorcerer/wizard , alchemist , magus"
Gate,"cleric/oracle , sorcerer/wizard"
Ghost Sound,"bard , sorcerer/wizard , magus"
Giant Form I,"sorcerer/wizard , alchemist"
Giant Form II,sorcerer/wizard
Glibness,bard
Glitterdust,"bard , sorcerer/wizard , summoner , witch , magus , bloodrager"
"Globe of Invulnerability, Lesser",sorcerer/wizard
Globe Of Invulnerability,sorcerer/wizard
Glyph Of Warding,cleric/oracle
"Glyph of Warding, Greater",cleric/oracle
Grease,"bard , sorcerer/wizard , summoner , magus"
Guards and Wards,"sorcerer/wizard , witch"
Hallow,"cleric/oracle , druid , inquisitor"
Hallucinatory Terrain,"bard , sorcerer/wizard"
Helping Hand,cleric/oracle
Heroes' Feast,"bard , cleric/oracle , inquisitor"
Hold Portal,sorcerer/wizard
Holy Sword,paladin
Identify,"bard , sorcerer/wizard , alchemist , summoner , witch , alchemist , summoner , witch"
Illusory Wall,sorcerer/wizard
Incendiary Cloud,"sorcerer/wizard , summoner"
Invisibility Purge,"cleric/oracle , inquisitor"
Iron Body,sorcerer/wizard
Ironwood,druid
Knock,"sorcerer/wizard , inquisitor"
Know Direction,"bard , druid , shaman"
Legend Lore,"bard , sorcerer/wizard , witch , inquisitor"
Levitate,"sorcerer/wizard , alchemist , summoner , witch , magus , shaman"
Light,"bard , cleric/oracle , druid , inquisitor , magus , sorcerer/wizard , summoner , witch , shaman"
Limited Wish,sorcerer/wizard
Liveoak,"druid , shaman"
Locate Object,"bard , cleric/oracle , sorcerer/wizard , witch , inquisitor"
Locate Creature,"bard , sorcerer/wizard , summoner , witch"
Longstrider,"druid , ranger"
Mage Armor,"sorcerer/wizard , summoner , witch , bloodrager"
Mage Hand,"bard , sorcerer/wizard , summoner , magus"
Mage's Disjunction,sorcerer/wizard
Mage's Faithful Hound,"sorcerer/wizard , summoner"
Mage's Lucubration,wizard
Mage's Magnificent Mansion,sorcerer/wizard
Mage's Private Sanctum,sorcerer/wizard
Magic Aura,"bard , sorcerer/wizard"
Magic Circle against Evil,"cleric/oracle , paladin , sorcerer/wizard , summoner , inquisitor , summoner , inquisitor , shaman"
Magic Circle against Chaos,"cleric/oracle , paladin , sorcerer/wizard , summoner , inquisitor , summoner , inquisitor , shaman"
Magic Circle against Good,"cleric/oracle , sorcerer/wizard , summoner , inquisitor , antipaladin , shaman"
Magic Circle against Law,"cleric/oracle , sorcerer/wizard , summoner , inquisitor , antipaladin , shaman"
Minor Creation,"sorcerer/wizard , summoner , witch"
Major Creation,"sorcerer/wizard , summoner , witch"
Major Image,"bard , sorcerer/wizard , magus"
Meld into Stone,"cleric/oracle , druid"
Message,"bard , sorcerer/wizard , summoner , witch"
Minor Image,"bard , sorcerer/wizard , magus"
Mirage Arcana,"bard , sorcerer/wizard"
Mirror Image,"bard , sorcerer/wizard , magus , bloodrager"
Misdirection,"bard , sorcerer/wizard , summoner"
Mislead,"bard , sorcerer/wizard , alchemist , magus"
Mnemonic Enhancer,wizard
Moment of Prescience,"sorcerer/wizard , witch"
Mount,"sorcerer/wizard , summoner , witch , magus , bloodrager"
Move Earth,"druid , sorcerer/wizard"
Obscuring Mist,"cleric/oracle , druid , sorcerer/wizard , witch , magus , shaman"
Overland Flight,"sorcerer/wizard , alchemist , summoner , witch , magus , shaman"
Passwall,sorcerer/wizard
Permanency,sorcerer/wizard
Permanent Image,"bard , sorcerer/wizard"
Persistent Image,"bard , sorcerer/wizard"
Phantom Steed,"bard , sorcerer/wizard , summoner , magus , bloodrager"
Phantom Trap,sorcerer/wizard
Phase Door,"sorcerer/wizard , witch"
"Planar Ally, Lesser","cleric/oracle , shaman"
Planar Ally,"cleric/oracle , shaman"
"Planar Ally, Greater","cleric/oracle , shaman"
Plant Growth,"druid , ranger"
Plant Shape I,"sorcerer/wizard , alchemist"
Plant Shape II,"sorcerer/wizard , alchemist"
Plant Shape III,sorcerer/wizard
Prestidigitation,"bard , sorcerer/wizard"
Prismatic Sphere,sorcerer/wizard
Prismatic Wall,sorcerer/wizard
"Prying Eyes, Greater","sorcerer/wizard , witch"
Programmed Image,"bard , sorcerer/wizard"
Project Image,"bard , sorcerer/wizard"
Protection From Chaos,"cleric/oracle , paladin , sorcerer/wizard , inquisitor , summoner , bloodrager , shaman"
Protection From Evil,"cleric/oracle , inquisitor , paladin , sorcerer/wizard , summoner , bloodrager , shaman"
Protection From Good,"cleric/oracle , sorcerer/wizard , inquisitor , summoner , antipaladin , bloodrager , shaman"
Protection From Law,"cleric/oracle , sorcerer/wizard , inquisitor , summoner , antipaladin , bloodrager , shaman"
Quench,druid
Read Magic,"bard , cleric/oracle , druid , paladin , ranger , sorcerer/wizard , summoner , witch , inquisitor , magus , sh"
Reduce Animal,"druid , ranger"
Refuge,"cleric/oracle , sorcerer/wizard , witch"
Repel Metal or Stone,druid
Repel Wood,druid
Reverse Gravity,"druid , sorcerer/wizard"
Righteous Might,"cleric/oracle , inquisitor"
Rope Trick,sorcerer/wizard
Rusting Grasp,druid
Sanctuary,"cleric/oracle , inquisitor"
Screen,sorcerer/wizard
Secret Chest,"sorcerer/wizard , witch"
Secret Page,"bard , sorcerer/wizard"
Secure Shelter,"bard , sorcerer/wizard , witch"
See Invisibility,"bard , sorcerer/wizard , alchemist , summoner , witch , inquisitor , bloodrager"
Sending,"cleric/oracle , sorcerer/wizard , alchemist , summoner , inquisitor , shaman"
Sepia Snake Sigil,"bard , sorcerer/wizard , witch"
Shambler,"druid , shaman"
Shapechange,"druid , sorcerer/wizard , shaman"
Shatter,"bard , cleric/oracle , sorcerer/wizard , magus , bloodrager"
Shield,"sorcerer/wizard , alchemist , summoner , magus , bloodrager"
Silent Image,"bard , sorcerer/wizard , magus"
Simulacrum,"sorcerer/wizard , summoner"
Sleet Storm,"druid , sorcerer/wizard , witch , magus , bloodrager , shaman"
Snare,"druid , ranger"
Soften Earth and Stone,druid
Solid Fog,"sorcerer/wizard , witch , magus , shaman"
Soul Bind,"cleric/oracle , sorcerer/wizard , witch , shaman"
Speak with Animals,"bard , druid , ranger"
Speak with Dead,"cleric/oracle , witch , inquisitor , shaman"
Speak with Plants,"bard , druid , ranger"
Spectral Hand,"sorcerer/wizard , witch"
Spell Turning,"sorcerer/wizard , summoner"
Stinking Cloud,"magus , sorcerer/wizard , witch , bloodrager , shaman"
Stone Shape,"cleric/oracle , druid , sorcerer/wizard , shaman"
Stone Tell,"druid , shaman"
Summon Instrument,bard
Summon Monster I,"bard , cleric/oracle , sorcerer/wizard , summoner , witch , antipaladin"
Summon Monster II,"bard , cleric/oracle , sorcerer/wizard , summoner , witch , antipaladin"
Summon Monster III,"bard , cleric/oracle , sorcerer/wizard , witch , antipaladin"
Summon Monster IV,"bard , cleric/oracle , sorcerer/wizard , summoner , witch , antipaladin"
Summon Monster V,"bard , cleric/oracle , sorcerer/wizard , summoner , witch"
Summon Monster VI,"bard , cleric/oracle , sorcerer/wizard , witch"
Summon Monster VIII,"cleric/oracle , sorcerer/wizard , witch , summoner"
Summon Monster VII,"cleric/oracle , sorcerer/wizard , summoner , witch"
Summon Monster IX,"cleric/oracle , sorcerer/wizard , witch"
Summon Nature's Ally I,"druid , ranger"
Summon Nature's Ally II,"druid , ranger"
Summon Nature's Ally III,"druid , ranger"
Summon Nature's Ally IV,"druid , ranger"
Summon Nature's Ally V,druid
Summon Nature's Ally VI,druid
Summon Nature's Ally VII,druid
Summon Nature's Ally VIII,druid
Summon Nature's Ally IX,druid
Summon Swarm,"bard , druid , sorcerer/wizard , summoner , witch , shaman"
Telepathic Bond,"sorcerer/wizard , witch , inquisitor"
Time Stop,sorcerer/wizard
Tiny Hut,"bard , sorcerer/wizard"
Tongues,"bard , cleric/oracle , sorcerer/wizard , alchemist , summoner , witch , inquisitor , shaman"
Transformation,"sorcerer/wizard , alchemist , witch , magus"
Transmute Mud to Rock,"druid , sorcerer/wizard"
Transmute Rock to Mud,"druid , sorcerer/wizard"
Transport via Plants,"druid , shaman"
Tree Shape,"druid , ranger , shaman"
Tree Stride,"druid , ranger"
True Strike,"sorcerer/wizard , alchemist , inquisitor , magus , bloodrager"
Unhallow,"cleric/oracle , druid , inquisitor"
Unseen Servant,"bard , sorcerer/wizard , summoner , witch , magus"
Ventriloquism,"bard , sorcerer/wizard , summoner"
Vision,"sorcerer/wizard , witch , shaman"
Wall Of Force,"sorcerer/wizard , magus"
Wall of Iron,"sorcerer/wizard , summoner , magus"
Wall Of Thorns,"druid , shaman"
Web,"sorcerer/wizard , witch , magus"
Whispering Wind,"bard , sorcerer/wizard , inquisitor"
Wish,sorcerer/wizard
Zone of Silence,bard
Wall Of Stone,"cleric/oracle , druid , sorcerer/wizard , summoner , magus , shaman"
Sacrifice,"cleric/oracle , sorcerer/wizard"
Aura of the Unremarkable,"bard , sorcerer/wizard"
Burning Disarm,"cleric/oracle , druid , sorcerer/wizard"
Emergency Force Sphere,sorcerer/wizard
Twine Double,sorcerer/wizard
Insect Plague,"cleric/oracle , druid , summoner , shaman"
Prying Eyes,"sorcerer/wizard , witch"
Instant Summons,"sorcerer/wizard , witch"
Ancestral Communion,"bard , cleric/oracle"
Ancestral Gift,"bard , cleric/oracle"
Rune of Durability,sorcerer/wizard
Detect Charm,"bard , cleric/oracle , paladin , sorcerer/wizard"
Summon Flight of Eagles,"druid , ranger , sorcerer/wizard"
Genius Avaricious,"cleric/oracle , sorcerer/wizard"
Retrieve Item,"bard , sorcerer/wizard"
Spherescry,sorcerer/wizard
Arcane Reinforcement,sorcerer/wizard
Chastise,"bard , sorcerer/wizard"
Summon Elemental Steed,druid
Hibernate,druid
Tomb Legion,"cleric/oracle , sorcerer/wizard"
Tripvine,"bard , druid , sorcerer/wizard"
Defoliate,"druid , ranger , sorcerer/wizard"
Shield the Banner,"adept , cleric/oracle"
Absorbing Touch,alchemist
Acid Pit,"sorcerer/wizard , summoner"
Alchemical Allocation,alchemist
Amplify Elixir,alchemist
Aqueous Orb,"druid , sorcerer/wizard , summoner , magus , bloodrager"
Arcane Concordance,bard
Aspect of the Bear,"druid , ranger"
Aspect of the Falcon,"druid , ranger"
Aspect of the Stag,"druid , ranger"
Aspect of the Wolf,"druid , ranger"
Banish Seeming,"inquisitor , witch"
Bard's Escape,bard
Blood Biography,"bard , cleric/oracle , inquisitor , sorcerer/wizard , bloodrager"
Bloodhound,"alchemist , inquisitor , ranger"
Bomber's Eye,alchemist
Borrow Fortune,oracle
Bow Spirit,ranger
Call Animal,"druid , ranger"
Chameleon Stride,ranger
Clashing Rocks,"druid , sorcerer/wizard"
Cleanse,"cleric/oracle , inquisitor"
Coordinated Effort,"bard , inquisitor"
Create Pit,"sorcerer/wizard , summoner"
Create Treasure Map,"bard , druid , ranger , sorcerer/wizard"
Dancing Lantern,"bard , cleric/oracle , ranger , sorcerer/wizard , witch , shaman"
Deafening Song Bolt,bard
Deflection,sorcerer/wizard
Delayed Consumption,alchemist
Detect Aberration,"druid , ranger"
Divine Vessel,oracle
Dust Of Twilight,"bard , sorcerer/wizard , bloodrager"
Eagle Eye,"druid , ranger , shaman"
Elemental Speech,"bard , cleric/oracle , druid , sorcerer/wizard"
Elemental Touch,"alchemist , sorcerer/wizard , magus , bloodrager"
Elude Time,alchemist
Enter Image,"bard , cleric/oracle , sorcerer/wizard"
"Evolution Surge, Lesser",summoner
Evolution Surge,summoner
"Evolution Surge, Greater",summoner
Expeditious Excavation,"druid , sorcerer/wizard"
Fiery Body,sorcerer/wizard
Fire of Vengeance,paladin
Firefall,"sorcerer/wizard , magus , bloodrager"
Fluid Form,"alchemist , sorcerer/wizard"
Follow Aura,inquisitor
Frozen Note,bard
Getaway,"bard , sorcerer/wizard"
Geyser,"druid , sorcerer/wizard , magus"
Glide,"druid , ranger , sorcerer/wizard , summoner , witch , shaman"
Grace,"cleric/oracle , paladin"
Gravity Bow,"ranger , sorcerer/wizard"
Grove of Respite,"druid , ranger , shaman"
Guiding Star,"cleric/oracle , ranger , witch , shaman"
Hero's Defiance,paladin
Hide Campsite,"druid , ranger"
Honeyed Tongue,"bard , inquisitor , paladin"
Hungry Pit,"sorcerer/wizard , summoner"
Innocence,bard
Instant Armor,"cleric/oracle , paladin"
Instant Enemy,ranger
Lead Blades,ranger
Light Lance,paladin
Lily Pad Stride,druid
Mask Dweomer,witch
Oath Of Peace,paladin
Pillar Of Life,cleric/oracle
Planar Adaptation,"alchemist , cleric/oracle , sorcerer/wizard , summoner"
Protective Spirit,ranger
Purified Calling,summoner
Rampart,"druid , sorcerer/wizard"
"Rejuvenate Eidolon, Lesser",summoner
Rejuvenate Eidolon,summoner
"Rejuvenate Eidolon, Greater",summoner
Resounding Blow,"antipaladin , inquisitor , paladin"
Rest Eternal,"cleric/oracle , druid , witch , shaman"
Resurgent Transformation,alchemist
Saddle Surge,paladin
Sculpt Corpse,sorcerer/wizard
Seamantle,"druid , sorcerer/wizard"
Seek Thoughts,"alchemist , bard , inquisitor , sorcerer/wizard , summoner , witch"
Shadow Projection,sorcerer/wizard
Shifting Sand,"druid , sorcerer/wizard"
Sift,"bard , inquisitor"
Slipstream,"druid , ranger , sorcerer/wizard , bloodrager"
Solid Note,bard
Spiked Pit,"sorcerer/wizard , summoner"
Spite,witch
Stone Call,"druid , ranger , sorcerer/wizard , magus , bloodrager"
Stone Fist,"alchemist , druid , sorcerer/wizard , magus , bloodrager"
Stumble Gap,sorcerer/wizard
Summon Eidolon,summoner
Swarm Skin,"druid , witch"
Thorn Body,"alchemist , druid , shaman"
Threefold Aspect,"druid , witch"
Tireless Pursuit,"inquisitor , ranger"
Transmogrify,summoner
Transmute Potion to Poison,alchemist
Tsunami,"druid , sorcerer/wizard , shaman"
Twin Form,alchemist
Unfetter,summoner
Universal Formula,alchemist
Veil of Positive Energy,paladin
Vomit Swarm,"alchemist , witch"
Wall of Lava,"druid , sorcerer/wizard"
Wall of Suppression,sorcerer/wizard
Ward the Faithful,inquisitor
Winds of Vengeance,"cleric/oracle , druid , sorcerer/wizard , shaman"
Wrath,inquisitor
Ice Armor,"cleric /oracle , druid"
Hunter's Howl,ranger
Perceive Cues,"alchemist , inquisitor , ranger , witch"
Residual Tracking,ranger
Rift of Ruin,"cleric/oracle , sorcerer/wizard"
Fractions of Heal and Harm,"bard , cleric /oracle , sorcerer/wizard"
Ancestral Memory,"alchemist , cleric/oracle , druid"
Harrowing,"bard , sorcerer/wizard , witch"
Lover's Vengeance,"bard , cleric/oracle , sorcerer/wizard , witch"
Shield Of The Dawnflower,"bard , cleric/oracle , magus , paladin , ranger"
Vermin Shape I,"druid , sorcerer/wizard , witch"
Vermin Shape II,"druid , sorcerer/wizard , witch"
Waters Of Lamashtu,"alchemist , cleric/oracle , druid , witch"
Smite Abomination,cleric /oracle
Tap Inner Beauty,"bard , cleric /oracle"
Trail of the Rose,"bard , cleric/oracle"
"Age Resistance, Lesser","alchemist , druid , sorcerer/wizard , witch"
"Age Resistance, Greater","alchemist , druid , sorcerer/wizard , witch"
Age Resistance,"alchemist , druid , sorcerer/wizard , witch"
Allegro,bard
"Animate Dead, Lesser","cleric/oracle , sorcerer/wizard , shaman"
Arboreal Hammer,druid
Ash Storm,"druid , sorcerer/wizard , witch"
Blade of Bright Victory,paladin
Blade of Dark Triumph,antipaladin
Blood Transcription,"alchemist , magus , wizard , witch"
Call Construct,"cleric/oracle , sorcerer/wizard"
Cape Of Wasps,"druid , witch"
Caustic Eruption,sorcerer/wizard
Chord Of Shards,bard
Conjure Black Pudding,"sorcerer/wizard , summoner"
Control Construct,sorcerer/wizard
Create Demiplane,"cleric/oracle , sorcerer/wizard , summoner , witch"
"Create Demiplane, Lesser","cleric/oracle , sorcerer/wizard , summoner , witch"
"Create Demiplane, Greater","cleric/oracle , sorcerer/wizard , witch"
Curse of Magic Negation,"cleric/oracle , inquisitor , sorcerer/wizard , witch"
Cursed Earth,"cleric/oracle , sorcerer/wizard , witch"
Dance of a Hundred Cuts,bard
Dance of a Thousand Cuts,bard
Defensive Shock,"alchemist , magus , sorcerer/wizard , bloodrager"
Diagnose Disease,"cleric/oracle , druid , paladin , ranger , witch"
Disguise Other,"bard , inquisitor , sorcerer/wizard"
Divine Pursuit,inquisitor
Eagle Aerie,"druid , summoner"
Echolocation,"alchemist , bard , druid , sorcerer/wizard"
Exquisite Accompaniment,bard
"False Life, Greater","alchemist , sorcerer/wizard , witch , bloodrager , shaman"
Ghostly Disguise,"alchemist , bard , inquisitor , sorcerer/wizard , witch"
Haunting Mists,"bard , sorcerer/wizard , witch"
Holy Shield,paladin
Horn of Pursuit,"bard , inquisitor , paladin , ranger"
Ice Body,"sorcerer/wizard , witch , shaman"
Icicle Dagger,"sorcerer/wizard , summoner , witch , bloodrager"
Ki Leech,"cleric/oracle , sorcerer/wizard , witch"
Know The Enemy,"cleric/oracle , inquisitor , paladin , ranger"
Lunar Veil,"cleric/oracle , sorcerer/wizard , witch"
Mad Monkeys,"bard , druid , sorcerer/wizard , summoner"
Masterwork Transformation,"bard , cleric/oracle , druid , sorcerer/wizard , witch"
Monstrous Physique I,"alchemist , magus , sorcerer/wizard , bloodrager"
Monstrous Physique II,"alchemist , magus , sorcerer/wizard , bloodrager"
Monstrous Physique III,"alchemist , magus , sorcerer/wizard"
Monstrous Physique IV,"alchemist , magus , sorcerer/wizard"
Plague Storm,"cleric/oracle , druid , sorcerer/wizard , witch"
Play Instrument,bard
Polypurpose Panacea,"alchemist , sorcerer/wizard"
Possess Object,"sorcerer/wizard , witch"
Primal Scream,bard
Rain of Frogs,"bard , druid , sorcerer/wizard , summoner , witch , shaman"
Restore Corpse,"cleric/oracle , druid , sorcerer/wizard , witch"
Ride the Lightning,sorcerer/wizard
Sanctify Corpse,"cleric/oracle , inquisitor , paladin , witch"
Shadowbard,bard
Shadow Step,"bard , sorcerer/wizard , witch"
"Simulacrum, Lesser",sorcerer/wizard
Skinsend,"alchemist , sorcerer/wizard , witch"
Soothe Construct,"cleric/oracle , sorcerer/wizard"
Spit Venom,"cleric/oracle , druid , witch , shaman"
Summon Elder Worm,druid
Summon Froghemoth,druid
Summon Minor Ally,"druid , ranger"
Summon Minor Monster,"antipaladin , bard , cleric/oracle , sorcerer/wizard , summoner , witch"
Surmount Affliction,"cleric/oracle , inquisitor"
Symbol of Scrying,"cleric/oracle , sorcerer/wizard , witch"
Symbol of Sealing,"cleric/oracle , sorcerer/wizard , witch"
Symbol of Vulnerability,"cleric/oracle , sorcerer/wizard , witch"
Tar Ball,druid
Temporary Resurrection,"sorcerer/wizard , witch"
Unbreakable Construct,sorcerer/wizard
Undead Anatomy I,"alchemist , magus , sorcerer/wizard , bloodrager"
Undead Anatomy II,"alchemist , magus , sorcerer/wizard"
Undead Anatomy III,"alchemist , magus , sorcerer/wizard"
Undead Anatomy IV,sorcerer/wizard
Unholy Sword,antipaladin
Vermin Shape I,"alchemist , druid , magus , sorcerer/wizard , witch , bloodrager"
Vermin Shape II,"alchemist , druid , magus , sorcerer/wizard , witch"
Vestment of the Champion,"antipaladin , paladin"
Virtuoso Performance,bard
Vision of Hell,"bard , cleric/oracle , sorcerer/wizard , witch , bloodrager"
Vitriolic Mist,"alchemist , sorcerer/wizard , summoner , bloodrager"
Web Shelter,"cleric/oracle , druid , ranger , sorcerer/wizard , summoner , witch , shaman"
Wooden Phalanx,"cleric/oracle , sorcerer/wizard"
Youthful Appearance,"alchemist , bard , sorcerer/wizard , witch"
Greensight,"druid , ranger , sorcerer/wizard"
Jolt,sorcerer/wizard
Summon Accuser,"bard , cleric/oracle , sorcerer/wizard , summoner , witch"
Summon Infernal Host,"bard , cleric/oracle , sorcerer/wizard , summoner , witch"
Echean's Excellent Enclosure,sorcerer/wizard
Ablative Sphere,sorcerer/wizard
Cultural Adaptation,"bard , cleric/oracle , sorcerer/wizard"
Snow Shape,"cleric/oracle , druid , sorcerer/wizard"
Summon Totem Creature,"cleric/oracle , druid , ranger , sorcerer/wizard , summoner"
Seducer's Eyes,"bard , sorcerer/wizard"
Read Weather,"bard , cleric /oracle , druid , ranger"
Silk To Steel,"bard , sorcerer/wizard , witch"
Aram Zey's Focus,"alchemist , bard , sorcerer/wizard"
Aram Zey's Trap Ward,sorcerer/wizard
Corpse Lanterns,"sorcerer/wizard , witch"
Sequester Thoughts,"bard , sorcerer/wizard"
Twisted Innards,"alchemist , magus , sorcerer/wizard , witch"
Aroden's Spellbane,sorcerer/wizard
Bladed Dash,"bard , magus"
"Bladed Dash, Greater","bard , magus"
Call Weapon,"bard , magus , ranger"
Crusader's Edge,"cleric/oracle , inquisitor , paladin"
Eaglesoul,"cleric/oracle , paladin , summoner"
Geniekind,"cleric/oracle , druid , sorcerer/wizard , summoner"
Hunter's Lore,"inquisitor , ranger"
Ice Spears,"druid , sorcerer/wizard , witch"
Impart Mind,"cleric/oracle , magus , sorcerer/wizard"
Khain's Army,"cleric/oracle , sorcerer/wizard , witch"
Martyr's Bargain,"cleric/oracle , paladin"
Orchid's Drop,alchemist
Shadow Barbs,"cleric/oracle , inquisitor , sorcerer/wizard"
Siphon Magic,"cleric/oracle , sorcerer/wizard , witch"
Song of Kyonin,bard
Spell Absorption,sorcerer/wizard
"Spell Absorption, Greater",sorcerer/wizard
Spellscar,"cleric/oracle , sorcerer/wizard"
Suppress Primal Magic,"cleric/oracle , sorcerer/wizard"
Tattoo Potion,"alchemist , bard , sorcerer/wizard , witch"
Vex Giant,ranger
Ablative Barrier,"alchemist , magus , sorcerer/wizard , summoner , bloodrager"
Absorb Toxicity,"alchemist , druid , sorcerer/wizard , witch"
Abundant Ammunition,"bard , cleric/oracle , ranger , sorcerer/wizard"
Adjuring Step,"alchemist , bard , magus , sorcerer/wizard"
Arcane Cannon,sorcerer/wizard
Blistering Invective,"alchemist , bard , inquisitor"
Burst of Speed,"alchemist , antipaladin , magus , inquisitor , paladin , ranger , bloodrager"
Caging Bomb Admixture,alchemist
Companion Mind Link,"druid , ranger"
Compel Hostility,"bard , cleric/oracle , inquisitor , paladin , ranger , summoner , witch"
Deadly Juggernaut,"antipaladin , cleric/oracle , inquisitor , paladin"
Deadeye's Lore,"bard , cleric/oracle , druid , inquisitor , ranger"
Discovery Torch,"bard , cleric/oracle , inquisitor"
Divine Arrow,paladin
Dust Form,"alchemist , cleric/oracle , druid , witch"
Effortless Armor,"cleric/oracle , inquisitor , magus , paladin , ranger"
Fabricate Bullets,sorcerer/wizard
Find Quarry,"inquisitor , ranger"
Forest Friend,"druid , ranger"
Frightful Aspect,"cleric/oracle , druid , sorcerer/wizard , witch"
Haunted Fey Aspect,"bard , sorcerer/wizard"
Illusion of Calm,"alchemist , magus , sorcerer/wizard"
Judgment Light,inquisitor
Life Conduit,summoner
"Life Conduit, Greater",summoner
"Life Conduit, Improved",summoner
Lightning Lash Bomb Admixture,alchemist
Litany of Warding,"antipaladin , inquisitor , paladin"
Locate Weakness,"inquisitor , magus , ranger , sorcerer/wizard , witch , bloodrager"
Longshot,"alchemist , antipaladin , inquisitor , magus , paladin , ranger , sorcerer/wizard"
"Mask Dweomer, Communal",witch
Mirror Strike,"magus , sorcerer/wizard , bloodrager"
"Mount, Communal","magus , sorcerer/wizard , summoner , witch"
Obsidian Flow,"druid , sorcerer/wizard , summoner"
Pellet Blast,"magus , sorcerer/wizard , summoner , bloodrager"
Phantom Chariot,"sorcerer/wizard , summoner"
Phantom Driver,"bard , sorcerer/wizard"
"Phantom Steed, Communal","bard , sorcerer/wizard , summoner"
"Protection from Chaos, Communal","cleric/oracle , inquisitor , paladin , sorcerer/wizard , summoner"
"Protection from Evil, Communal","cleric/oracle , inquisitor , paladin , sorcerer/wizard , summoner"
"Protection from Good, Communal","antipaladin , cleric/oracle , inquisitor , sorcerer/wizard , summoner"
"Protection from Law, Communal","antipaladin , cleric/oracle , inquisitor , sorcerer/wizard , summoner"
Resinous Skin,"alchemist , druid , sorcerer/wizard , bloodrager"
See Alignment,"alchemist , bard , sorcerer/wizard"
Shadow Bomb Admixture,alchemist
Shock Shield,"alchemist , magus , sorcerer/wizard , bloodrager"
Shocking Image,"bard , sorcerer/wizard , bloodrager"
Siege Of Trees,druid
"Siege of Trees, Greater",druid
Tar Pool,"druid , sorcerer/wizard , summoner"
Targeted Bomb Admixture,alchemist
Telekinetic Assembly,"magus , sorcerer/wizard"
Terrain Bond,ranger
"Tongues, Communal","alchemist , bard , cleric/oracle , sorcerer/wizard , summoner , witch"
Touch Injection,"alchemist , sorcerer/wizard"
Viper Bomb Admixture,alchemist
Walk Through Space,"alchemist , magus , sorcerer/wizard , summoner , witch"
Warding Weapon,"magus , sorcerer/wizard , summoner , bloodrager"
Wilderness Soldiers,"druid , ranger"
Wreath of Blades,"magus , sorcerer/wizard , summoner , witch , bloodrager"
Aspect of the Nightingale,"bard , cleric/oracle , druid , paladin , ranger"
Awaken the Devoured,"cleric/oracle , inquisitor , sorcerer/wizard , witch"
Lash of the Astradaemon,"cleric/oracle , magus , sorcerer/wizard , witch"
Summon Cacodaemon,"cleric/oracle , sorcerer/wizard , summoner , witch"
"Summon Cacodaemon, Greater","cleric/oracle , sorcerer/wizard , summoner , witch"
Summon Ceustodaemon,"cleric/oracle , sorcerer/wizard , summoner , witch"
Summon Derghodaemon,"cleric/oracle , sorcerer/wizard , witch"
Summon Erodaemon,"cleric/oracle , sorcerer/wizard , summoner , witch"
Summon Meladaemon,"cleric/oracle , sorcerer/wizard , summoner , witch"
Summon Thanadaemon,"cleric/oracle , sorcerer/wizard , witch"
Replenish Ki,cleric /oracle
Skeleton Crew,"cleric/oracle , sorcerer/wizard , summoner , witch"
Unseen Crew,"bard , sorcerer/wizard , summoner , witch"
Planetary Adaptation,"alchemist , cleric /oracle , sorcerer/wizard , summoner"
Cloud Of Seasickness,"cleric/oracle , druid , sorcerer/wizard"
Submerge Ship,"cleric/oracle , sorcerer/wizard"
Heroic Fortune,"alchemist , bard , cleric/oracle , paladin"
"Heroic Fortune, Mass","bard , cleric/oracle"
Embrace Destiny,"oracle , sorcerer/wizard , witch"
Blend,"alchemist , druid , magus , ranger , sorcerer/wizard , witch , shaman"
Ward Of The Season,"cleric/oracle , druid , ranger , witch , shaman"
Whispering Lore,"cleric/oracle , druid , ranger , witch"
Recharge Innate Magic,"alchemist , bard , cleric/oracle , druid , inquisitor , magus , sorcerer/wizard , witch"
Paragon Surge,"alchemist , cleric/oracle , magus , paladin , sorcerer/wizard , witch , bloodrager"
Urban Grace,"alchemist , bard , ranger , sorcerer/wizard , witch"
Ghost Wolf,"sorcerer/wizard , summoner , bloodrager"
Half-blood Extraction,"alchemist , cleric/oracle , druid , sorcerer/wizard , witch"
Linebreaker,"alchemist , antipaladin , inquisitor , magus , paladin , ranger"
Savage Maw,"antipaladin , cleric/oracle , druid , inquisitor , magus , ranger"
Blessing Of Luck And Resolve,"cleric/oracle , inquisitor , paladin"
"Blessing Of Luck And Resolve, Mass","cleric/oracle , inquisitor , paladin"
Escaping Ward,"bard , inquisitor , magus , ranger , sorcerer/wizard"
Bestow Insight,"bard , cleric/oracle , inquisitor , sorcerer/wizard , witch"
Sacred Space,"cleric/oracle , paladin"
Truespeak,"bard , cleric/oracle , sorcerer/wizard , witch"
Veil Of Heaven,paladin
Web Bolt,"magus , sorcerer/wizard , witch , bloodrager"
Web Cloud,"sorcerer/wizard , witch"
Shadowy Haven,sorcerer/wizard
Mudball,"druid , magus , sorcerer/wizard , witch , bloodrager"
Vomit Twin,"alchemist , magus , sorcerer/wizard , summoner"
Death Candle,"antipaladin , cleric/oracle , inquisitor , witch"
Healing Warmth,"alchemist , cleric/oracle , druid , inquisitor"
Scorching Ash Form,"alchemist , sorcerer/wizard"
Sentry Skull,"antipaladin , cleric/oracle , sorcerer/wizard , witch"
Stone Shield,"cleric/oracle , druid , magus , sorcerer/wizard , summoner , bloodrager , shaman"
Absorbing Inhalation,"alchemist , druid , sorcerer/wizard , bloodrager"
Cloud Shape,"druid , ranger , sorcerer/wizard"
Miasmatic Form,"alchemist , sorcerer/wizard"
Windy Escape,"bard , druid , magus , sorcerer/wizard , bloodrager"
Commune With Birds,"bard , druid , ranger , sorcerer/wizard , witch , shaman"
Theft Ward,"cleric/oracle , inquisitor , sorcerer/wizard , witch"
Damnation Stride,"sorcerer/wizard , summoner , witch"
Hellmouth Lash,"sorcerer/wizard , witch , bloodrager"
Nereid's Grace,"druid , witch"
Shadow Anchor,"bard , sorcerer/wizard , witch"
Blood Money,"magus , sorcerer/wizard , witch"
Covetous Aura,"bard , sorcerer/wizard"
Deathwine,"alchemist , cleric/oracle , sorcerer/wizard , witch"
Swipe,"bard , sorcerer/wizard"
Lissalan Snake Sigil,"cleric/oracle , sorcerer/wizard"
Display Aversion,"bard , cleric/oracle , inquisitor , sorcerer/wizard , witch"
Domination Link,"bard , inquisitor , sorcerer/wizard , witch"
Frost Mammoth,"cleric/oracle , druid , sorcerer/wizard , summoner"
Winter's Grasp,"druid , witch"
Irriseni Mirror Sight,"sorcerer/wizard , witch"
Bleed For Your Master,"antipaladin , druid , ranger , sorcerer/wizard , witch"
Die For Your Master,"antipaladin , druid , sorcerer/wizard , witch"
Familiar Figment,"sorcerer/wizard , witch"
Hunter's Friend,"druid , ranger"
Scamper,"druid , ranger"
Sea Steed,"druid , paladin , ranger"
Sea Stallion,"druid , paladin , ranger"
Share Shape,"ranger , sorcerer/wizard , witch"
Sky Steed,paladin
Flurry Of Snowballs,"druid , magus , sorcerer/wizard , witch"
Snowball,"druid , magus , sorcerer/wizard , summoner , witch"
Ice Spears,"druid , sorcerer/wizard , witch"
Conjure Deadfall,"magus , sorcerer/wizard"
Create Holds,"druid , ranger , sorcerer/wizard"
Determine Depth,"bard , druid , sorcerer/wizard"
Discern Value,"bard , sorcerer/wizard"
Nature's Ravages,"cleric/oracle , witch"
"Nature's Ravages, Greater","cleric/oracle , witch"
Oath Of Justice,"cleric/oracle , paladin"
"Angelic Aspect, Lesser","cleric/oracle , paladin , sorcerer/wizard"
"Angelic Aspect, Greater","cleric/oracle , paladin , sorcerer/wizard"
Angelic Aspect,"cleric/oracle , paladin , sorcerer/wizard"
Chains Of Light,"cleric/oracle , inquisitor , paladin , sorcerer/wizard"
Summon Stampede,"cleric/oracle , druid , summoner"
Chameleon Scales,"alchemist , druid , ranger , sorcerer/wizard"
Enlarge Tail,"alchemist , antipaladin , druid , magus , sorcerer/wizard , summoner , witch"
Shadow Dragon Aspect,"bard , sorcerer/wizard"
Unseen Engineers,"sorcerer/wizard , summoner , witch"
Detect Relations,"bard , cleric/oracle , inquisitor , witch"
Business Booms,"bard , sorcerer/wizard"
Renovation,"bard , sorcerer/wizard"
Tactical Insight,"bard , inquisitor"
Dragon Turtle Shell,"alchemist , cleric/oracle , druid , sorcerer/wizard"
Dragonvoice,"alchemist , bard , sorcerer/wizard , witch"
Dungeonsight,"bard , cleric/oracle , inquisitor , sorcerer/wizard"
Gravity Well,"druid , sorcerer/wizard"
Heart Of The Mammoth,"cleric/oracle , druid , sorcerer/wizard , witch"
Page-Bound Epiphany,"bard , cleric/oracle , magus , sorcerer/wizard"
Collaborative Thaumaturgy,"bard , cleric/oracle , druid , magus , summoner , sorcerer/wizard , witch"
Sure Casting,"bard , cleric/oracle , inquisitor , sorcerer/wizard , witch"
Jungle Mind,"druid , oracle , ranger"
Source Severance,"cleric/oracle , druid , witch"
Tectonic Communion,druid
Detect Demon,"cleric/oracle , inquisitor , paladin"
Protection From Outsiders,"cleric/oracle , inquisitor , paladin"
Contact Nalfeshnee,"cleric/oracle , sorcerer/wizard , witch"
Terraform,"cleric/oracle , druid , sorcerer/wizard , witch"
Summon Greater Demon,"cleric/oracle , sorcerer/wizard , witch"
Summon Lesser Demon,"cleric/oracle , sorcerer/wizard , summoner , witch"
Unleash Pandemonium,"cleric/oracle , summoner , witch"
Vermicious Assumption,"cleric/oracle , summoner"
Borrowed Time,"alchemist , bard , magus , sorcerer/wizard"
Elemental Bombardment,"druid , sorcerer/wizard"
Heavy Water,"cleric/oracle , druid , ranger"
Rune Of Jandelay,"sorcerer/wizard , witch"
Reveal Mirage,"cleric/oracle , druid , ranger , sorcerer/wizard , witch"
Storm Of Blades,"cleric/oracle , magusUM , sorcerer/wizard"
"Summon Genie, Lesser","cleric/oracle , sorcerer/wizard , summoner , witch"
Summon Genie,"cleric/oracle , sorcerer/wizard , summoner , witch"
"Summon Genie, Greater","cleric/oracle , sorcerer/wizard , summoner , witch"
Inner Focus,"adept , antipaladin , cleric/oracle , druid , inquisitor , paladin , ranger"
Dispel Balance,"cleric/oracle , druid , inquisitor"
Summon Lesser Psychopomp,"cleric/oracle , sorcerer/wizard , summoner , witch"
Summon Vanth,"cleric/oracle , sorcerer/wizard , summoner , witch"
Possession Trap,"sorcerer/wizard , witch"
Carrion Compass,"cleric/oracle , ranger , sorcerer/wizard , witch"
Empower Holy Water,"alchemist , bard , paladin"
Life Shield,"cleric/oracle , druid , paladin"
Beacon Of Luck,"bard , cleric/oracle , inquisitor , paladin"
Blade Snare,"druid , magus , ranger , sorcerer/wizard"
Caustic Blood,"alchemist , cleric/oracle , druid , magus , sorcerer/wizard , summoner"
Channel Vigor,"alchemist , cleric/oracle , inquisitor , magus"
Defending Bone,"cleric/oracle , inquisitor , magus , sorcerer/wizard , witch"
Fallback Strategy,"cleric/oracle , inquisitor , paladin , magus"
Fractions Of Heal And Harm,"bard , cleric/oracle , sorcerer/wizard"
Ice Armor,"cleric/oracle , druid"
Inheritor's Smite,"cleric/oracle , inquisitor , paladin"
Poisoned Egg,"bard , cleric/oracle , inquisitor , magus , sorcerer/wizard , witch"
Read Weather,"bard , cleric/oracle , druid , ranger , witch"
Secret Speech,"bard , cleric/oracle , inquisitor , sorcerer/wizard"
Seducer's Eyes,"bard , sorcerer/wizard , witch"
"Shield Of The Dawnflower, Greater","bard , cleric/oracle , magus"
Smite Abomination,"cleric/oracle , inquisitor"
Spawn Calling,"cleric/oracle , sorcerer/wizard , witch"
Symbol Of Dispelling,"cleric/oracle , sorcerer/wizard , witch"
Tap Inner Beauty,"bard , cleric/oracle , witch"
Transplant Visage,"alchemist , antipaladin , cleric/oracle , inquisitor , magus , sorcerer/wizard , witch"
Vengeful Stinger,"cleric/oracle , sorcerer/wizard , summoner , witch"
Create Variant Mummy,"cleric/oracle , sorcerer/wizard"
Calculated Luck,"cleric/oracle , witch"
Cleromancy,"cleric/oracle , druid , inquisitor , sorcerer/wizard"
Luck Y Number,"bard , cleric/oracle , druid , inquisitor , paladin , sorcerer/wizard , summoner , witch"
Numerological Resistance,"cleric/oracle , sorcerer/wizard"
Call Spirit,cleric/oracle
Spectral Saluqi,"sorcerer/wizard , witch"
"Harrowing, Greater","bard , sorcerer/wizard , witch"
Alter River,"cleric/oracle , druid , sorcerer/wizard"
Detect Metal,"alchemist , bard , sorcerer/wizard , summoner"
Hanspur's Flotsam Vessel,"cleric/oracle , druid , ranger , summoner"
Riversight,"cleric/oracle , druid , inquisitor , ranger , witch"
Sabotage Construct,"bard , inquisitor , sorcerer/wizard , witch"
Detect Radiation,"bard , cleric/oracle , druid , ranger , sorcerer/wizard"
Discharge,"bard , cleric/oracle , magus , sorcerer/wizard , witch"
"Discharge, Greater","bard , cleric/oracle , magus , sorcerer/wizard , witch"
Irradiate,"cleric/oracle , druid , magus , sorcerer/wizard , summoner , witch"
Magic Circle Against Technology,"cleric/oracle , sorcerer/wizard"
Protection From Technology,"cleric/oracle , sorcerer/wizard"
Technomancy,"bard , sorcerer/wizard"
Gravity Sphere,"druid , sorcerer/wizard"
Planetarium,"bard , cleric/oracle , druid , sorcerer/wizard , summoner , witch"
Planetary Adaptation,"alchemist , cleric/oracle , sorcerer/wizard , summoner"
Reboot,"cleric/oracle , sorcerer/wizard , summoner , witch"
Starsight,"alchemist , bard , cleric/oracle , druid , ranger , sorcerer/wizard , witch"
Adhesive Blood,"alchemist , bloodrager , sorcerer/wizard , witch"
Adhesive Spittle,"alchemist , sorcerer/wizard , witch"
Adjustable Disguise,"alchemist , antipaladin , bard , inquisitor , sorcerer/wizard , witch"
Adjustable Polymorph,"alchemist , bard , magus , shaman , sorcerer/wizard , summoner , witch"
Air Step,"alchemist , bard , cleric/oracle , druid , ranger , sorcerer/wizard , witch"
Anchored Step,"alchemist , druid , shaman , sorcerer/wizard , witch"
Aura Sight,"alchemist , cleric/oracle , inquisitor , shaman , sorcerer/wizard , witch"
Barrow Haze,"sorcerer/wizard , witch"
Beastspeak,"druid , shaman , witch"
Blade Lash,"bloodrager , magus"
Blazing Rainbow,druid
Blood Armor,"alchemist , bloodrager , sorcerer/wizard , summoner , witch"
Blood Sentinel,"alchemist , sorcerer/wizard"
Blurred Movement,"alchemist , bard , bloodrager , magus , sorcerer/wizard , summoner"
Body Capacitance,"alchemist , sorcerer/wizard"
Bullet Ward,"antipaladin , bard , inquisitor , paladin , ranger , sorcerer/wizard , witch"
"Chameleon Stride, Greater",ranger
Climbing Beanstalk,"druid , witch"
Contingent Action,"bard , sorcerer/wizard"
Crimson Confession,"sorcerer/wizard , witch"
Disable Construct,"alchemist , sorcerer/wizard , witch"
Disguise Weapon,"bard , magus , sorcerer/wizard , witch"
Enchantment Foil,"alchemist , cleric/oracle , inquisitor , sorcerer/wizard , witch"
Enemy Insight,ranger
Euphoric Cloud,"druid , magus , sorcerer/wizard , witch"
Extreme Flexibility,"alchemist , bloodrager , magus , sorcerer/wizard , witch"
Eyes Of The Void,"alchemist , antipaladin , sorcerer/wizard"
Fairy Ring Retreat,"druid , shaman , witch"
Familiar Double,witch
Flexible Fury,bard
Focused Scrutiny,"alchemist , bard , inquisitor , shaman"
Font Of Spirit Magic,shaman
Glue Seal,"bard , magus , sorcerer/wizard , summoner"
Guardian Of Faith,"cleric/oracle , paladin"
Heart Of The Metal,"magus , sorcerer/wizard , witch"
Heightened Awareness,"alchemist , bard , druid , inquisitor , ranger , shaman , sorcerer/wizard"
Hex Glyph,"shaman , witch"
"Hex Glyph, Greater","shaman , witch"
Holy Ice Weapon,"cleric/oracle , inquisitor"
Investigative Mind,"alchemist , bard , sorcerer/wizard , witch"
Invisibility Alarm,"alchemist , bard , inquisitor , ranger , sorcerer/wizard"
Life Pact,"cleric/oracle , shaman , sorcerer/wizard , witch"
Line In The Sand,"bloodrager , magus , sorcerer/wizard"
Long Arm,"alchemist , bloodrager , magus , sorcerer/wizard , summoner , witch"
"Longstrider, Greater","druid , ranger"
Mirror Hideaway,"sorcerer/wizard , witch"
Monkey Fish,"alchemist , druid , magus , shaman , sorcerer/wizard"
Nauseating Dart,"druid , witch"
Nauseating Trail,"alchemist , magus , shaman , sorcerer/wizard , witch"
Path Of Glory,"bard , cleric/oracle"
"Path Of Glory, Greater","bard , cleric/oracle"
Persistent Vigor,"alchemist , cleric/oracle , inquisitor , shaman , witch"
Phantom Blood,"alchemist , bloodrager , magus , sorcerer/wizard"
Pierce Disguise,"bard , shaman , sorcerer/wizard , witch"
River Whip,"magus , sorcerer/wizard , witch"
Sense Spirit Magic,shaman
Sickening Entanglement,"druid , ranger , shaman"
Silent Table,"bard , cleric/oracle , sorcerer/wizard , witch"
Sonic Form,"alchemist , bard , sorcerer/wizard"
Speak With Haunt,"cleric/oracle , shaman , witch"
Stone Discus,"bloodrager , druid , magus , sorcerer/wizard , witch"
Thorn Javelin,"druid , ranger , shaman"
Thorny Entanglement,"druid , ranger , shaman , witch"
Twilight Haze,"sorcerer/wizard , witch"
Unholy Ice Weapon,"cleric/oracle , inquisitor"
Vampiric Shadow Shield,"magus , sorcerer/wizard"
Wall Of Nausea,"bard , sorcerer/wizard"
Wave Shield,"bloodrager , druid , magus , shaman , sorcerer/wizard , witch"
Widen Auras,"antipaladin , paladin"
Semblance Of Flesh,"cleric/oracle , sorcerer/wizard"